{
    "animation": [
        {
            "name": "Root",
            "time": [0.0, 0.1167, 0.2, 0.35, 0.6],
            "transform": [
                [0.693915, -0.002107, -0.720054, -5e-06, -0.678905, -0.335133, -0.653279, 0.524422, -0.239938, 0.942168, -0.233984, 0.607598, 0.0, 0.0, 0.0, 1.0],
                [0.693915, -0.002107, -0.720054, -5e-06, -0.688838, -0.2932, -0.662975, 0.800057, -0.209723, 0.956049, -0.204907, 0.607598, 0.0, 0.0, 0.0, 1.0],
                [0.948067, 0.070393, 0.310184, -5e-06, 0.226746, 0.534325, -0.814299, 1.873084, -0.22306, 0.842343, 0.490614, 0.607598, 0.0, 0.0, 0.0, 1.0],
                [0.890664, 0.00049, 0.454663, -5e-06, 0.355137, 0.623658, -0.696369, 2.00214, -0.283895, 0.781698, 0.555295, 0.607598, 0.0, 0.0, 0.0, 1.0],
                [0.890664, 0.00049, 0.454663, -5e-06, 0.355137, 0.623658, -0.696369, 2.00214, -0.283895, 0.781698, 0.555295, 0.607598, 0.0, 0.0, 0.0, 1.0]
            ]
        },
        {
            "name": "Thigh_R",
            "time": [0.0, 0.1167, 0.2, 0.2667, 0.6],
            "transform": [
                [0.698398, 0.715438, 0.01963, 0.124994, 0.698982, -0.675921, -0.233564, -0.002831, -0.153834, 0.176842, -0.972143, -1.2e-05, 0.0, 0.0, 0.0, 1.0],
                [0.709835, 0.66685, 0.22681, 0.124994, 0.687081, -0.584632, -0.431418, -0.002831, -0.155092, 0.462074, -0.873175, -1.2e-05, 0.0, 0.0, 0.0, 1.0],
                [0.951435, 0.275856, -0.136649, 0.153994, 0.042655, 0.321479, 0.945955, -0.002815, 0.304878, -0.905843, 0.294098, 0.014791, 0.0, 0.0, 0.0, 1.0],
                [0.891966, 0.451947, 0.011838, 0.158648, -0.068975, 0.110163, 0.991518, -0.002812, 0.44681, -0.885215, 0.129433, 0.017168, 0.0, 0.0, 0.0, 1.0],
                [0.885545, 0.464277, -0.015962, 0.158648, -0.051336, 0.131953, 0.989926, -0.002812, 0.461707, -0.875803, 0.140683, 0.017168, 0.0, 0.0, 0.0, 1.0]
            ]
        },
        {
            "name": "Leg_R",
            "time": [0.0, 0.1167, 0.2, 0.2667, 0.6],
            "transform": [
                [1.0, -0.0, 1e-06, -0.0, -0.0, 0.794447, 0.607335, 0.37472, -1e-06, -0.607333, 0.794446, -0.0, 0.0, 0.0, 0.0, 1.0],
                [1.0, 0.0, 1e-06, -0.0, -0.0, 0.989003, 0.147907, 0.37472, -1e-06, -0.147905, 0.989, 0.0, 0.0, 0.0, 0.0, 1.0],
                [1.0, -1e-06, 0.0, 0.0, -0.0, -0.122256, 0.992496, 0.37472, -1e-06, -0.992501, -0.122257, 0.0, 0.0, 0.0, 0.0, 1.0],
                [1.0, -0.0, 1e-06, 0.0, -0.0, 0.53457, 0.845123, 0.37472, -1e-06, -0.845128, 0.534565, -0.0, 0.0, 0.0, 0.0, 1.0],
                [1.0, -0.0, 1e-06, 0.0, -0.0, 0.468972, 0.883212, 0.37472, -1e-06, -0.883217, 0.468967, 0.0, 0.0, 0.0, 0.0, 1.0]
            ]
        },
        {
            "name": "Knee_R",
            "time": [0.0, 0.1167, 0.2, 0.2667, 0.6],
            "transform": [
                [1.0, 0.0, -0.0, 0.0, -0.0, 1e-06, -1.0, 0.397282, -0.0, 1.0, 1e-06, -0.0, 0.0, 0.0, 0.0, 1.0],
                [1.0, 0.0, -0.0, 0.0, -0.0, 1e-06, -1.0, 0.37472, -0.0, 1.0, 1e-06, 0.0, 0.0, 0.0, 0.0, 1.0],
                [1.0, 0.0, -0.0, 0.0, -0.0, 1e-06, -1.0, 0.47972, -0.0, 1.0, 1e-06, -0.0, 0.0, 0.0, 0.0, 1.0],
                [1.0, 0.0, -0.0, 0.0, -0.0, 1e-06, -1.0, 0.429078, -0.0, 1.0, 1e-06, -0.0, 0.0, 0.0, 0.0, 1.0],
                [1.0, 0.0, -0.0, -0.0, -0.0, 1e-06, -1.0, 0.435891, -0.0, 1.0, 1e-06, -0.0, 0.0, 0.0, 0.0, 1.0]
            ]
        },
        {
            "name": "Thigh_L",
            "time": [0.0, 0.1167, 0.2, 0.35, 0.6],
            "transform": [
                [0.722216, -0.361704, -0.589554, -0.125007, -0.032699, -0.869267, 0.493256, -0.00283, -0.690894, -0.336957, -0.639628, -1.1e-05, 0.0, 0.0, 0.0, 1.0],
                [0.696416, -0.409822, -0.589109, -0.125007, -0.026782, -0.83517, 0.549337, -0.00283, -0.717138, -0.366787, -0.592604, -1.1e-05, 0.0, 0.0, 0.0, 1.0],
                [0.967377, 0.092494, 0.235852, -0.125007, 0.08796, -0.995679, 0.029703, -0.00283, 0.237581, -0.007986, -0.971335, -1.1e-05, 0.0, 0.0, 0.0, 1.0],
                [0.928334, -0.011444, 0.37157, -0.125007, 0.006676, -0.99885, -0.047439, -0.00283, 0.371687, 0.046522, -0.927191, -1.1e-05, 0.0, 0.0, 0.0, 1.0],
                [0.928334, -0.011444, 0.37157, -0.125007, 0.006676, -0.99885, -0.047439, -0.00283, 0.371687, 0.046522, -0.927191, -1.1e-05, 0.0, 0.0, 0.0, 1.0]
            ]
        },
        {
            "name": "Leg_L",
            "time": [0.0, 0.1167, 0.2, 0.35, 0.6],
            "transform": [
                [1.0, 0.0, 1e-06, 0.0, 0.0, 0.797993, 0.60267, 0.37472, -1e-06, -0.602669, 0.79799, -0.0, 0.0, 0.0, 0.0, 1.0],
                [1.0, -0.0, 1e-06, -0.0, 0.0, 0.48639, 0.873743, 0.37472, -1e-06, -0.873742, 0.486389, 0.0, 0.0, 0.0, 0.0, 1.0],
                [1.0, 0.0, 1e-06, 0.0, -0.0, 0.984807, 0.17366, 0.37472, -1e-06, -0.173657, 0.984805, 0.0, 0.0, 0.0, 0.0, 1.0],
                [1.0, 0.0, 1e-06, -0.0, -0.0, 0.999987, 0.004977, 0.37472, -1e-06, -0.004974, 0.999989, 0.0, 0.0, 0.0, 0.0, 1.0],
                [1.0, 0.0, 1e-06, -0.0, -0.0, 0.999987, 0.004977, 0.37472, -1e-06, -0.004974, 0.999989, 0.0, 0.0, 0.0, 0.0, 1.0]
            ]
        },
        {
            "name": "Knee_L",
            "time": [0.0, 0.1167, 0.2, 0.35, 0.6],
            "transform": [
                [1.0, 0.0, -0.0, 0.0, -0.0, 1e-06, -1.0, 0.396757, -0.0, 1.0, 1e-06, -0.0, 0.0, 0.0, 0.0, 1.0],
                [1.0, 0.0, -0.0, 0.0, -0.0, 1e-06, -1.0, 0.43411, -0.0, 1.0, 1e-06, -0.0, 0.0, 0.0, 0.0, 1.0],
                [1.0, 0.0, -0.0, 0.0, -0.0, 1e-06, -1.0, 0.37472, -0.0, 1.0, 1e-06, 0.0, 0.0, 0.0, 0.0, 1.0],
                [1.0, 0.0, -0.0, -0.0, -0.0, 1e-06, -1.0, 0.37472, -0.0, 1.0, 1e-06, -0.0, 0.0, 0.0, 0.0, 1.0],
                [1.0, 0.0, -0.0, -0.0, -0.0, 1e-06, -1.0, 0.37472, -0.0, 1.0, 1e-06, -0.0, 0.0, 0.0, 0.0, 1.0]
            ]
        },
        {
            "name": "Torso",
            "time": [0.0, 0.2, 0.6],
            "transform": [
                [1.0, -0.0, -0.0, 0.0, -0.0, 1.0, -0.0, 0.05, -0.0, -0.0, 1.0, 0.0, 0.0, 0.0, 0.0, 1.0],
                [1.0, 0.0, 0.0, -0.0, -0.0, 1.0, -0.0, 0.05, 0.0, -0.0, 1.0, -0.0, 0.0, 0.0, 0.0, 1.0],
                [1.0, -0.0, 0.0, 0.0, 0.0, 1.0, -0.0, 0.05, -0.0, 0.0, 1.0, -0.0, 0.0, 0.0, 0.0, 1.0]
            ]
        },
        {
            "name": "Chest",
            "time": [0.0, 0.2, 0.2667, 0.6],
            "transform": [
                [0.979636, -0.199878, -0.01904, -0.0, 0.199763, 0.960724, 0.192626, 0.3, -0.020209, -0.192507, 0.981087, 0.0, 0.0, 0.0, 0.0, 1.0],
                [0.999968, -0.007975, -7e-06, 0.0, 0.007974, 0.999939, 0.007674, 0.3, -5.4e-05, -0.007674, 0.999971, 0.0, 0.0, 0.0, 0.0, 1.0],
                [1.0, 0.0, 0.0, -0.0, -0.0, 1.0, -0.0, 0.3, -0.0, 0.0, 1.0, 0.0, 0.0, 0.0, 0.0, 1.0],
                [1.0, 0.0, 0.0, -0.0, -0.0, 1.0, -0.0, 0.3, -0.0, 0.0, 1.0, -0.0, 0.0, 0.0, 0.0, 1.0]
            ]
        },
        {
            "name": "Head",
            "time": [0.0, 0.1167, 0.2, 0.2667, 0.6],
            "transform": [
                [0.693181, -0.04762, 0.719189, 0.0, -0.001291, 0.997731, 0.067308, 0.4, -0.720763, -0.047585, 0.691547, -0.0, 0.0, 0.0, 0.0, 1.0],
                [0.69321, -0.01244, 0.720628, -0.0, -0.001242, 0.999829, 0.018455, 0.4, -0.720735, -0.013688, 0.693076, 0.0, 0.0, 0.0, 0.0, 1.0],
                [0.951186, -0.20599, -0.229812, -0.0, 0.057649, 0.850134, -0.523401, 0.4, 0.303186, 0.484603, 0.820511, 0.0, 0.0, 0.0, 0.0, 1.0],
                [0.890389, -0.274766, -0.362922, 0.0, 0.012871, 0.812155, -0.583299, 0.4, 0.45502, 0.514692, 0.72667, -0.0, 0.0, 0.0, 0.0, 1.0],
                [0.890388, -0.274766, -0.362922, 0.0, 0.012871, 0.812155, -0.583299, 0.4, 0.45502, 0.514692, 0.72667, -0.0, 0.0, 0.0, 0.0, 1.0]
            ]
        },
        {
            "name": "Shoulder_R",
            "time": [0.0, 0.1667, 0.2333, 0.6],